{"label": "placebo_5m", "n_posts": 3124, "config": {"pre_bars": 6, "post_bars": 6, "initiated_pre_bars": 24, "initiated_sigma_bars": 250, "initiated_threshold": 1.5}, "results": {"placebo": {"DJT": {"n": 2611, "offsets": [-6, -5, -4, -3, -2, -1, 0, 1, 2, 3, 4, 5, 6], "signals": {"logret": {"pre_mean": -2.6553684979669364e-06, "pre_p": 0.8414352951413957, "post_mean": -7.865390718415888e-05, "post_p": 0.0010964456535221933, "n_pre": 2611, "n_post": 2611}, "vol_z": {"pre_mean": -0.07752921368086323, "pre_p": 5.7062033681247824e-11, "post_mean": -0.05543459881568995, "post_p": 2.023795825579281e-05, "n_pre": 2611, "n_post": 2611}, "dvol_z": {"pre_mean": -0.07904456487974929, "pre_p": 1.9038339132793166e-11, "post_mean": -0.05680855630194435, "post_p": 1.0639936232022944e-05, "n_pre": 2611, "n_post": 2611}, "signed_vol_tick": {"pre_mean": -8297.644580620452, "pre_p": 3.499432057045839e-05, "post_mean": -9014.474147836077, "post_p": 6.189681844098297e-05, "n_pre": 2611, "n_post": 2611}, "OFI_bvc": {"pre_mean": -0.003812764687034584, "pre_p": 0.05375962996760911, "post_mean": -0.004310052337043852, "post_p": 0.11623962092939716, "n_pre": 2611, "n_post": 2611}, "vpin_50": {"pre_mean": 0.5515029118351754, "pre_p": 0.0, "post_mean": 0.5645000275978649, "post_p": 0.0, "n_pre": 2108, "n_post": 2099}, "vpin_z": {"pre_mean": 0.03785537003027384, "pre_p": 0.1528076161466502, "post_mean": 0.1546036010232151, "post_p": 3.095760120376514e-07, "n_pre": 2107, "n_post": 2099}, "kyle_lambda_100": {"pre_mean": 4.109797021055042e-06, "pre_p": 0.0, "post_mean": 4.095435099127233e-06, "post_p": 0.0, "n_pre": 2607, "n_post": 2604}, "kyle_z": {"pre_mean": -0.07917937700506743, "pre_p": 0.0009066415992642072, "post_mean": -0.08392156938069609, "post_p": 0.0004491692735281617, "n_pre": 2600, "n_post": 2597}, "dollar_volume": {"pre_mean": 156372.770509085, "pre_p": 4.837430286587299e-195, "post_mean": 160551.5604771803, "post_p": 6.395147758334446e-187, "n_pre": 2611, "n_post": 2611}}}, "VXX": {"n": 2607, "offsets": [-6, -5, -4, -3, -2, -1, 0, 1, 2, 3, 4, 5, 6], "signals": {"logret": {"pre_mean": -1.297128994948084e-05, "pre_p": 0.4455055867984272, "post_mean": 0.00010603874337804876, "post_p": 0.0026832940914843827, "n_pre": 2607, "n_post": 2607}, "vol_z": {"pre_mean": -0.0169512909779154, "pre_p": 0.26330072953812084, "post_mean": 0.023590562611553137, "post_p": 0.14406903205268023, "n_pre": 2607, "n_post": 2607}, "dvol_z": {"pre_mean": -0.016555257430041808, "pre_p": 0.27701985814039704, "post_mean": 0.023180800872275788, "post_p": 0.15042892830925728, "n_pre": 2607, "n_post": 2607}, "signed_vol_tick": {"pre_mean": 8373.30494821634, "pre_p": 0.25209463256247755, "post_mean": 806.0713463751439, "post_p": 0.9267422633605276, "n_pre": 2607, "n_post": 2607}, "OFI_bvc": {"pre_mean": -0.001775948425028165, "pre_p": 0.37998544368122433, "post_mean": 0.007437409034028509, "post_p": 0.017480493898879894, "n_pre": 2607, "n_post": 2607}, "vpin_50": {"pre_mean": 0.5682529959038887, "pre_p": 0.0, "post_mean": 0.5790213445611793, "post_p": 0.0, "n_pre": 1923, "n_post": 1998}, "vpin_z": {"pre_mean": 0.015617454641927611, "pre_p": 0.5869817110375004, "post_mean": 0.1014030582254683, "post_p": 0.0007773778018301433, "n_pre": 1916, "n_post": 1992}, "kyle_lambda_100": {"pre_mean": 1.3945855374291466e-06, "pre_p": 0.0, "post_mean": 1.4006883632726195e-06, "post_p": 0.0, "n_pre": 2538, "n_post": 2565}, "kyle_z": {"pre_mean": -0.06584061456053514, "pre_p": 0.009856670066089096, "post_mean": -0.05654751348260708, "post_p": 0.021448078833218212, "n_pre": 2534, "n_post": 2561}, "dollar_volume": {"pre_mean": 2099200.3258562083, "pre_p": 1.4743318637303624e-179, "post_mean": 2288773.0751059633, "post_p": 7.950099173779789e-193, "n_pre": 2607, "n_post": 2607}}}, "SPY": {"n": 2645, "offsets": [-6, -5, -4, -3, -2, -1, 0, 1, 2, 3, 4, 5, 6], "signals": {"logret": {"pre_mean": 9.023319434023739e-06, "pre_p": 0.012215847135360164, "post_mean": -1.0607426577526766e-05, "post_p": 0.16041724916781833, "n_pre": 2645, "n_post": 2645}, "vol_z": {"pre_mean": 0.007887388417667462, "pre_p": 0.5933419268959774, "post_mean": 0.04168267409584173, "post_p": 0.009589125554024448, "n_pre": 2645, "n_post": 2645}, "dvol_z": {"pre_mean": 0.008427828196858158, "pre_p": 0.5687440816555795, "post_mean": 0.04235180218797403, "post_p": 0.008644320889707027, "n_pre": 2645, "n_post": 2645}, "signed_vol_tick": {"pre_mean": 54400.79810964083, "pre_p": 0.19725036812345764, "post_mean": 60949.929300567106, "post_p": 0.23609753968795663, "n_pre": 2645, "n_post": 2645}, "OFI_bvc": {"pre_mean": 0.00835134864893001, "pre_p": 3.8741717605484794e-05, "post_mean": 0.0009104514667827332, "post_p": 0.7579298997418422, "n_pre": 2645, "n_post": 2645}, "vpin_50": {"pre_mean": 0.5469814536042065, "pre_p": 0.0, "post_mean": 0.5488710068992378, "post_p": 0.0, "n_pre": 1910, "n_post": 1998}, "vpin_z": {"pre_mean": -0.007643195709612342, "pre_p": 0.7958045628011559, "post_mean": 0.031807321468035034, "post_p": 0.30718058033193757, "n_pre": 1903, "n_post": 1992}, "kyle_lambda_100": {"pre_mean": 2.4524065082993333e-08, "pre_p": 0.0, "post_mean": 2.4795898289760554e-08, "post_p": 0.0, "n_pre": 2563, "n_post": 2596}, "kyle_z": {"pre_mean": -0.06568114033574986, "pre_p": 0.007140899931676828, "post_mean": -0.024921942838761774, "post_p": 0.3033720390158763, "n_pre": 2559, "n_post": 2592}, "dollar_volume": {"pre_mean": 285147520.6245998, "pre_p": 6.870431300932755e-242, "post_mean": 301118483.1984849, "post_p": 1.9067299540556983e-237, "n_pre": 2645, "n_post": 2645}}}, "QQQ": {"n": 2683, "offsets": [-6, -5, -4, -3, -2, -1, 0, 1, 2, 3, 4, 5, 6], "signals": {"logret": {"pre_mean": 1.1489935091394557e-05, "pre_p": 0.009159622463135512, "post_mean": -4.045717181488984e-06, "post_p": 0.641818325096432, "n_pre": 2683, "n_post": 2683}, "vol_z": {"pre_mean": 0.0018483011409186805, "pre_p": 0.8890875978042001, "post_mean": 0.01889020792659007, "post_p": 0.19515437584505996, "n_pre": 2683, "n_post": 2683}, "dvol_z": {"pre_mean": 0.002612669060804825, "pre_p": 0.8441831139151086, "post_mean": 0.019593203550215203, "post_p": 0.18007348497649997, "n_pre": 2683, "n_post": 2683}, "signed_vol_tick": {"pre_mean": -48568.80879612374, "pre_p": 0.5066632588467966, "post_mean": -119180.5314945956, "post_p": 0.13341564783505983, "n_pre": 2683, "n_post": 2683}, "OFI_bvc": {"pre_mean": 0.006940023042957585, "pre_p": 0.00033396139159912874, "post_mean": 0.002633626614525146, "post_p": 0.3355274860250905, "n_pre": 2683, "n_post": 2683}, "vpin_50": {"pre_mean": 0.5254220670604419, "pre_p": 0.0, "post_mean": 0.5268780749139577, "post_p": 0.0, "n_pre": 1940, "n_post": 1989}, "vpin_z": {"pre_mean": -0.0625210795769911, "pre_p": 0.0333998952140398, "post_mean": -0.046497309705337234, "post_p": 0.11624743069092083, "n_pre": 1932, "n_post": 1982}, "kyle_lambda_100": {"pre_mean": 3.541613088493531e-08, "pre_p": 0.0, "post_mean": 3.555001895151351e-08, "post_p": 0.0, "n_pre": 2598, "n_post": 2608}, "kyle_z": {"pre_mean": -0.030600176336042333, "pre_p": 0.18484257945756355, "post_mean": -0.017692753438971847, "post_p": 0.4487795465900407, "n_pre": 2595, "n_post": 2602}, "dollar_volume": {"pre_mean": 249038870.38154474, "pre_p": 4.775411771212769e-138, "post_mean": 255722108.83351326, "post_p": 4.595515787943736e-129, "n_pre": 2683, "n_post": 2683}}}, "XLE": {"n": 2696, "offsets": [-6, -5, -4, -3, -2, -1, 0, 1, 2, 3, 4, 5, 6], "signals": {"logret": {"pre_mean": 1.4939640875685564e-05, "pre_p": 0.013143962144895565, "post_mean": 8.66385280330396e-05, "post_p": 4.733913477651e-10, "n_pre": 2696, "n_post": 2696}, "vol_z": {"pre_mean": 0.004439801944037384, "pre_p": 0.7713981419607383, "post_mean": 0.05208253752083759, "post_p": 0.0031399460286638567, "n_pre": 2696, "n_post": 2696}, "dvol_z": {"pre_mean": 0.005337793387092758, "pre_p": 0.7266096641559325, "post_mean": 0.05292004529633606, "post_p": 0.0026454585158607606, "n_pre": 2696, "n_post": 2696},