{
  "method": "Phase 2b \u2014 +24h time-shift placebo",
  "shift_hours": 24,
  "pre_bars_5m": 6,
  "post_bars_5m": 6,
  "initiated_z_cut": 1.5,
  "n_oil_posts_input": 173,
  "assets": {
    "USO": {
      "shifted": {
        "OFI_bvc": {
          "n": 159,
          "pre_mean": -0.022108333542571794,
          "boot_p_two_sided": 0.0,
          "boot_ci95": [
            -0.03543474364524762,
            -0.009585110837401732
          ]
        },
        "vpin_z": {
          "n": 159,
          "pre_mean": -1.0212357306002826,
          "boot_p_two_sided": 0.0,
          "boot_ci95": [
            -1.1634269300863322,
            -0.8740462290941324
          ]
        },
        "signed_vol_tick": {
          "n": 159,
          "pre_mean": -47995.374213836476,
          "boot_p_two_sided": 0.0,
          "boot_ci95": [
            -61607.73563941299,
            -34287.90007861636
          ]
        }
      },
      "real_reproduced": {
        "OFI_bvc": {
          "n": 152,
          "pre_mean": -0.014389231236570313,
          "boot_p_two_sided": 0.1825,
          "boot_ci95": [
            -0.035884388074934645,
            0.005887268268978536
          ]
        },
        "vpin_z": {
          "n": 152,
          "pre_mean": 0.3510203344624887,
          "boot_p_two_sided": 0.0,
          "boot_ci95": [
            0.1983418764322261,
            0.49056720443499624
          ]
        },
        "signed_vol_tick": {
          "n": 152,
          "pre_mean": -13034.740131578947,
          "boot_p_two_sided": 0.036,
          "boot_ci95": [
            -24258.356441885964,
            -347.31833881580087
          ]
        }
      }
    },
    "XLE": {
      "shifted": {
        "OFI_bvc": {
          "n": 170,
          "pre_mean": -0.0013547784170478156,
          "boot_p_two_sided": 0.7495,
          "boot_ci95": [
            -0.009936530193294778,
            0.007502896248975986
          ]
        },
        "vpin_z": {
          "n": 170,
          "pre_mean": -0.7438327633448913,
          "boot_p_two_sided": 0.0,
          "boot_ci95": [
            -0.8882377025481284,
            -0.5953100020393837
          ]
        },
        "signed_vol_tick": {
          "n": 170,
          "pre_mean": -31929.833333333318,
          "boot_p_two_sided": 0.618,
          "boot_ci95": [
            -156936.28370098033,
            78803.53921568631
          ]
        }
      },
      "real_reproduced": {
        "OFI_bvc": {
          "n": 166,
          "pre_mean": 0.04878145160693224,
          "boot_p_two_sided": 0.0,
          "boot_ci95": [
            0.03639201413797537,
            0.06125954737329492
          ]
        },
        "vpin_z": {
          "n": 166,
          "pre_mean": -0.5926468659599929,
          "boot_p_two_sided": 0.0,
          "boot_ci95": [
            -0.7369266077351672,
            -0.4508924296321634
          ]
        },
        "signed_vol_tick": {
          "n": 166,
          "pre_mean": 22687.365461847392,
          "boot_p_two_sided": 0.1525,
          "boot_ci95": [
            -9059.972063253015,
            54260.989181726894
          ]
        }
      }
    }
  },
  "real_reference": {
    "USO": {
      "OFI_bvc": {
        "mean": null,
        "delta_vs_placebo": null,
        "q": null,
        "n": 147
      },
      "vpin_z": {
        "mean": 0.3798526915775937,
        "delta_vs_placebo": 0.32336926438830593,
        "q": 1.31e-05,
        "n": 147
      },
      "signed_vol_tick": {
        "mean": -69786.81,
        "delta_vs_placebo": -67768.94,
        "q": 0.0456,
        "n": 147
      }
    },
    "XLE": {
      "OFI_bvc": {
        "mean": 0.04834247621679,
        "delta_vs_placebo": 0.037193656024973765,
        "q": 7.31e-11,
        "n": 165
      },
      "vpin_z": {
        "mean": -0.5937454683577623,
        "delta_vs_placebo": -0.5673506260267,
        "q": 3.84e-12,
        "n": 165
      }
    }
  }
}